id,first_name,last_name,email,gender,ip_address
1,Melissa,Pearch,mpearch0@bravesites.com,Polygender,95.148.71.31
2,Darlleen,Nevitt,dnevitt1@state.gov,Genderqueer,2.240.118.114
3,Luke,Garbett,lgarbett2@msn.com,Male,193.85.51.231
4,Marie-ann,Abrahm,mabrahm3@addtoany.com,Agender,17.99.22.251
5,Alica,Laundon,alaundon4@alexa.com,Female,99.191.119.25
6,Fae,Sloy,fsloy5@ucla.edu,Female,140.205.148.29
7,Haley,Bewlay,hbewlay6@dedecms.com,Female,57.225.167.173
8,Derek,Turmel,dturmel7@uiuc.edu,Male,246.10.111.9
9,Dave,McAlroy,dmcalroy8@dion.ne.jp,Male,124.240.21.39
10,Thorin,Croisier,tcroisier9@ezinearticles.com,Male,236.160.73.204
11,Stefano,Northam,snorthama@techcrunch.com,Agender,165.48.72.125
12,Benedict,Monelli,bmonellib@networkadvertising.org,Polygender,18.18.184.32
13,Murial,Wand,mwandc@google.com.au,Female,131.78.244.244
14,Fern,Spadazzi,fspadazzid@behance.net,Female,18.117.49.109
15,Gates,Yurygyn,gyurygyne@sfgate.com,Polygender,29.248.10.213
16,Ardene,Foli,afolif@dion.ne.jp,Female,75.214.50.151
17,Evanne,Kane,ekaneg@printfriendly.com,Female,250.11.60.112
18,Mandel,Cristobal,mcristobalh@mlb.com,Male,255.84.49.137
19,Stavro,McGruar,smcgruari@taobao.com,Male,193.174.16.70
20,Herold,Attwater,hattwaterj@examiner.com,Male,207.70.135.55
21,Bryant,Gorrissen,bgorrissenk@bbb.org,Male,227.94.121.31
22,Caz,Heady,cheadyl@archive.org,Male,22.181.13.210
23,Micheal,Pauer,mpauerm@pen.io,Male,54.236.9.248
24,Clyde,Dover,cdovern@people.com.cn,Male,179.39.173.168
25,Wilton,Sayward,wsaywardo@tumblr.com,Male,206.36.133.136
26,Elysha,Dumbleton,edumbletonp@ft.com,Female,135.121.149.48
27,Niccolo,Spreadbury,nspreadburyq@domainmarket.com,Male,151.89.191.96
28,Latia,Collcott,lcollcottr@1und1.de,Female,96.119.18.73
29,Corliss,Parsonage,cparsonages@sohu.com,Female,246.50.25.109
30,Kenna,Goly,kgolyt@exblog.jp,Female,21.65.184.28
31,Almeria,Grayshan,agrayshanu@salon.com,Female,55.85.243.115
32,Maridel,Farny,mfarnyv@gravatar.com,Female,11.193.170.26
33,Bryana,Huckstepp,bhucksteppw@godaddy.com,Genderfluid,196.115.105.57
34,Boonie,Glowacz,bglowaczx@dailymail.co.uk,Male,42.201.174.231
35,Ronna,Pitford,rpitfordy@wikimedia.org,Female,175.15.213.96
36,Milty,Stuckley,mstuckleyz@ezinearticles.com,Male,102.156.239.18
37,Agnesse,Courson,acourson10@home.pl,Female,47.155.236.46
38,Lock,Brennand,lbrennand11@virginia.edu,Male,123.218.90.175
39,Dierdre,Bangley,dbangley12@google.com.br,Female,3.138.139.208
40,Romain,de Marco,rdemarco13@rediff.com,Non-binary,12.63.33.69
41,Rosalie,Gebb,rgebb14@bbb.org,Genderqueer,170.195.131.149
42,Edsel,Ugolotti,eugolotti15@squarespace.com,Male,183.18.137.225
43,Myrwyn,Peplow,mpeplow16@cyberchimps.com,Male,204.135.15.133
44,Lindi,Haughan,lhaughan17@biglobe.ne.jp,Female,155.95.73.22
45,Munroe,Feronet,mferonet18@storify.com,Male,104.110.198.250
46,Artie,De Ferrari,adeferrari19@booking.com,Male,138.186.20.39
47,Tamara,Kelf,tkelf1a@nba.com,Bigender,60.214.236.76
48,Lyman,Twining,ltwining1b@toplist.cz,Male,215.215.226.227
49,Alwyn,Greensmith,agreensmith1c@oracle.com,Male,72.19.249.212
50,Anders,Purdom,apurdom1d@flickr.com,Male,57.95.206.39
51,Kev,Ortelt,kortelt1e@yellowpages.com,Male,235.61.70.160
52,Swen,McAnellye,smcanellye1f@sourceforge.net,Male,46.214.86.30
53,Vilma,Taverner,vtaverner1g@skype.com,Female,247.57.86.153
54,Jacquette,Frany,jfrany1h@state.gov,Female,13.200.21.82
55,Moria,Turfes,mturfes1i@fastcompany.com,Female,112.169.145.55
56,Melonie,MacHostie,mmachostie1j@desdev.cn,Female,225.144.33.14
57,Dode,Ledger,dledger1k@psu.edu,Female,253.227.245.129
58,Duane,Helmke,dhelmke1l@wp.com,Male,64.153.13.102
59,Nestor,Arnholz,narnholz1m@marriott.com,Male,194.36.161.66
60,Anjela,Punyer,apunyer1n@artisteer.com,Female,167.81.114.22
61,Faydra,Reolfo,freolfo1o@reverbnation.com,Female,131.51.90.44
62,Emera,Seal,eseal1p@dell.com,Female,6.1.54.5
63,Brandea,Baiden,bbaiden1q@pinterest.com,Female,8.2.190.109
64,Dedie,Rollings,drollings1r@fastcompany.com,Female,51.143.47.108
65,Moses,Sketcher,msketcher1s@slideshare.net,Male,37.181.5.88
66,Marigold,Yukhnevich,myukhnevich1t@sakura.ne.jp,Female,97.173.197.59
67,Teodor,Overlow,toverlow1u@blogger.com,Male,210.230.199.53
68,Brantley,Corrao,bcorrao1v@i2i.jp,Male,72.159.83.8
69,Tanny,Schurcke,tschurcke1w@mediafire.com,Bigender,232.229.96.75
70,Jessie,Tyhurst,jtyhurst1x@disqus.com,Male,85.48.212.180
71,Tedi,Newcomb,tnewcomb1y@craigslist.org,Female,218.176.75.58
72,Robinet,Mahomet,rmahomet1z@shareasale.com,Female,240.109.155.197
73,Querida,Lednor,qlednor20@joomla.org,Female,175.184.115.219
74,Korie,Dorkin,kdorkin21@godaddy.com,Female,57.116.85.151
75,Thor,Minchin,tminchin22@google.pl,Male,74.168.13.231
76,Codi,Atack,catack23@webmd.com,Non-binary,229.237.147.34
77,Charisse,Ponton,cponton24@nih.gov,Female,75.250.197.87
78,Caralie,M'Quharg,cmquharg25@unicef.org,Female,145.204.22.150
79,Tandi,Fenner,tfenner26@cornell.edu,Female,36.90.88.61
80,Coop,Spencook,cspencook27@go.com,Bigender,188.12.51.44
81,Alic,Mozzetti,amozzetti28@live.com,Polygender,112.50.235.129
82,Frederico,Tapsfield,ftapsfield29@example.com,Male,74.165.104.126
83,Carolus,Drewry,cdrewry2a@about.com,Male,59.209.97.234
84,Cinderella,Kynaston,ckynaston2b@dot.gov,Female,74.246.115.85
85,Amery,Cattermull,acattermull2c@java.com,Genderqueer,142.120.42.88
86,Grethel,Twallin,gtwallin2d@squidoo.com,Female,80.249.59.19
87,Letizia,Souttar,lsouttar2e@elegantthemes.com,Female,114.7.213.223
88,Anne,Amberg,aamberg2f@ted.com,Female,99.193.44.149
89,Antonia,Brazur,abrazur2g@dion.ne.jp,Female,32.174.21.43
90,Mace,Laurentino,mlaurentino2h@friendfeed.com,Male,17.138.138.6
91,Rory,Lievesley,rlievesley2i@blinklist.com,Male,210.205.240.203
92,Felecia,Shovelbottom,fshovelbottom2j@nyu.edu,Female,219.109.167.220
93,Garret,Swindlehurst,gswindlehurst2k@people.com.cn,Male,189.83.234.100
94,Alford,Minchi,aminchi2l@newyorker.com,Male,124.168.53.110
95,Royal,Bettleson,rbettleson2m@icio.us,Male,169.215.123.237
96,Harmonia,Suermeier,hsuermeier2n@hao123.com,Female,78.82.233.192
97,Haley,Swiers,hswiers2o@addtoany.com,Male,201.114.187.238
98,Ernesto,Foat,efoat2p@imdb.com,Male,38.141.129.163
99,Wayne,Walding,wwalding2q@taobao.com,Male,55.202.123.252
100,Tudor,Pinnick,tpinnick2r@odnoklassniki.ru,Bigender,222.139.253.41
101,Weber,Klarzynski,wklarzynski2s@samsung.com,Genderqueer,117.49.170.14
102,Ogdan,Gilliland,ogilliland2t@php.net,Male,40.238.253.73
103,Pacorro,Bessett,pbessett2u@freewebs.com,Male,105.157.40.228
104,Joye,Darte,jdarte2v@state.gov,Female,83.123.71.21
105,Durante,Archbutt,darchbutt2w@smugmug.com,Male,56.231.55.117
106,Karina,Mepsted,kmepsted2x@mapy.cz,Female,207.76.100.196
107,Myrna,Isworth,misworth2y@youtube.com,Female,178.205.53.171
108,Jayson,Carillo,jcarillo2z@sfgate.com,Male,212.49.250.158
109,Ddene,Yaakov,dyaakov30@aol.com,Female,121.250.65.239
110,Charis,Tebbett,ctebbett31@lulu.com,Female,213.138.238.148
111,Euphemia,Hutchins,ehutchins32@devhub.com,Female,58.158.106.131
112,North,Adolfsen,nadolfsen33@cbsnews.com,Male,108.235.117.138
113,Barton,Brixey,bbrixey34@deviantart.com,Male,111.13.97.68
114,Lynna,Ferrey,lferrey35@nih.gov,Female,94.63.211.138
115,Selia,Ambroz,sambroz36@quantcast.com,Female,205.242.63.14
116,Cosetta,Glendenning,cglendenning37@dropbox.com,Female,83.93.77.10
117,Skippy,Bunston,sbunston38@wufoo.com,Male,173.99.15.42
118,Forester,Pelham,fpelham39@moonfruit.com,Male,255.4.13.8
119,Braden,Lambie,blambie3a@furl.net,Male,67.90.240.20
120,Ly,Walley,lwalley3b@wp.com,Male,246.134.32.119
121,Eduard,Dillimore,edillimore3c@macromedia.com,Male,220.130.60.245
122,Tine,Hartles,thartles3d@blogspot.com,Female,89.76.104.133
123,Justinian,Sherwen,jsherwen3e@webmd.com,Male,215.53.166.86
124,Hattie,Gellately,hgellately3f@google.es,Female,224.145.51.196
125,Benny,Vale,bvale3g@soup.io,Male,28.189.32.237
126,Adelheid,Kemshell,akemshell3h@infoseek.co.jp,Female,125.123.218.129
127,Merlina,Lathan,mlathan3i@buzzfeed.com,Female,150.152.200.103
128,Delcine,Elia,delia3j@gov.uk,Female,118.103.115.139
129,Mordy,Ragate,mragate3k@cloudflare.com,Male,2.112.112.171
130,Clemmie,Calkin,ccalkin3l@amazon.co.uk,Male,190.71.173.52
131,Josepha,Liddard,jliddard3m@va.gov,Female,100.76.222.100
132,Kat,Mousley,kmousley3n@xinhuanet.com,Female,225.0.113.217
133,Melany,Milam,mmilam3o@hc360.com,Genderqueer,6.47.187.222
134,Herb,Clynman,hclynman3p@barnesandnoble.com,Male,3.140.9.85
135,Eilis,Sumshon,esumshon3q@twitpic.com,Female,4.232.247.229
136,Cass,Vina,cvina3r@intel.com,Bigender,117.231.105.29
137,Sheena,Stell,sstell3s@cnbc.com,Female,245.141.225.207
138,Lek,Cheke,lcheke3t@multiply.com,Male,71.34.0.113
139,Livvyy,Pithie,lpithie3u@virginia.edu,Female,234.77.182.215
140,Boniface,Tothacot,btothacot3v@sphinn.com,Male,253.92.64.182
141,Lea,Pariss,lpariss3w@fda.gov,Female,165.119.102.236
142,Margarette,Gridley,mgridley3x@go.com,Female,223.152.137.48
143,Sharron,Godbolt,sgodbolt3y@guardian.co.uk,Female,155.190.104.215
144,Basile,Sebrens,bsebrens3z@twitpic.com,Male,226.90.156.171
145,Erik,McNeish,emcneish40@livejournal.com,Male,37.253.165.73
146,Devland,Deme,ddeme41@booking.com,Male,61.43.20.24
147,Karalynn,Shyram,kshyram42@aol.com,Female,7.197.5.253
148,Reba,Hearnden,rhearnden43@live.com,Female,155.151.29.184
149,Kaylee,Riceards,kriceards44@webeden.co.uk,Bigender,26.210.166.82
150,Bridget,Mundie,bmundie45@spotify.com,Female,220.39.169.149
151,Fifine,Getch,fgetch46@xing.com,Female,88.231.191.139
152,Vaughn,Kares,vkares47@geocities.jp,Male,118.147.10.111
153,Desmund,Flook,dflook48@ebay.co.uk,Male,39.96.198.183
154,Vanna,Hargreaves,vhargreaves49@patch.com,Female,202.37.88.172
155,Igor,Jaqueminet,ijaqueminet4a@amazon.com,Male,42.73.38.176
156,Zack,Haynesford,zhaynesford4b@zimbio.com,Male,48.242.155.244
157,Alfred,Alexandersen,aalexandersen4c@squarespace.com,Male,84.103.172.150
158,Rufus,Fells,rfells4d@smugmug.com,Male,99.193.166.150
159,Graham,Bennett,gbennett4e@bravesites.com,Male,177.127.168.28
160,Leila,Liles,lliles4f@bravesites.com,Female,109.83.55.166
161,Monica,Shapcott,mshapcott4g@ebay.co.uk,Female,111.137.68.145
162,Conan,Bugdell,cbugdell4h@soundcloud.com,Male,22.229.5.40
163,Iago,Curzon,icurzon4i@vk.com,Male,104.118.154.205
164,Yankee,Ciottoi,yciottoi4j@arstechnica.com,Male,167.4.180.208
165,Wang,Brosio,wbrosio4k@ezinearticles.com,Male,51.27.53.89
166,Abby,Mableson,amableson4l@yandex.ru,Male,203.235.141.0
167,Conrad,Ray,cray4m@bloomberg.com,Genderqueer,103.60.31.43
168,Delcina,Midson,dmidson4n@cdc.gov,Female,151.46.30.155
169,Gunter,Tickner,gtickner4o@loc.gov,Male,140.154.120.213
170,Baudoin,Dessant,bdessant4p@virginia.edu,Male,251.96.54.56
171,Moritz,Camus,mcamus4q@drupal.org,Polygender,60.148.169.88
172,Vida,Sibray,vsibray4r@macromedia.com,Female,218.250.16.40
173,Farlay,Black,fblack4s@gizmodo.com,Male,115.20.215.75
174,Sibelle,Faircley,sfaircley4t@desdev.cn,Female,98.80.197.174
175,Stephan,Drohun,sdrohun4u@discovery.com,Male,101.140.173.28
176,Daryl,Beatson,dbeatson4v@oracle.com,Female,145.168.150.230
177,Rog,Ibotson,ribotson4w@yahoo.com,Male,93.171.176.145
178,Leo,Vidineev,lvidineev4x@foxnews.com,Male,23.24.160.25
179,Sydney,Tommen,stommen4y@blogger.com,Genderqueer,78.78.171.160
180,Reid,De Filippis,rdefilippis4z@google.com.au,Male,147.112.95.128
181,Paulo,Gaffon,pgaffon50@sina.com.cn,Male,40.186.17.80
182,Steffen,Filipyev,sfilipyev51@dropbox.com,Male,15.29.244.250
183,Rebeca,Caghy,rcaghy52@nps.gov,Female,224.226.173.214
184,Giorgia,Robrow,grobrow53@craigslist.org,Female,94.230.250.98
185,Dredi,Leyshon,dleyshon54@globo.com,Polygender,44.119.216.160
186,Angie,Rapps,arapps55@cnet.com,Male,60.161.26.180
187,Forest,Snibson,fsnibson56@canalblog.com,Male,206.242.202.4
188,Kaitlynn,Tidbury,ktidbury57@aol.com,Female,111.42.57.246
189,Estrellita,Brolly,ebrolly58@cbslocal.com,Female,160.43.221.77
190,Pietra,Zannelli,pzannelli59@histats.com,Female,142.44.180.44
191,Antonella,Deeson,adeeson5a@eventbrite.com,Female,11.7.98.209
192,Ciel,Coulbeck,ccoulbeck5b@ustream.tv,Female,143.27.234.99
193,Brigham,Standing,bstanding5c@sun.com,Male,113.232.172.13
194,Wini,Simoneton,wsimoneton5d@miitbeian.gov.cn,Female,239.123.95.66
195,Selby,Elington,selington5e@intel.com,Male,119.131.55.17
196,Free,Vanezis,fvanezis5f@sitemeter.com,Male,247.28.150.49
197,Eirena,Maldin,emaldin5g@ask.com,Female,200.32.252.108
198,Randi,Gooble,rgooble5h@google.pl,Bigender,111.214.142.80
199,Drud,Boarder,dboarder5i@tmall.com,Male,27.201.254.233
200,West,Lowles,wlowles5j@intel.com,Male,94.189.37.85
201,Valma,Kardos-Stowe,vkardosstowe5k@jugem.jp,Female,157.44.190.121
202,Cobb,Barnfield,cbarnfield5l@i2i.jp,Male,14.168.129.81
203,Bogart,McFadden,bmcfadden5m@istockphoto.com,Male,161.172.128.6
204,Celestina,Ioselev,cioselev5n@unc.edu,Female,65.112.67.133
205,Fitzgerald,Fortnum,ffortnum5o@twitter.com,Male,173.135.160.99
206,Jen,Giacomo,jgiacomo5p@admin.ch,Female,33.85.240.36
207,Cynthie,Rawood,crawood5q@sakura.ne.jp,Female,188.164.99.205
208,Toddy,Bainbridge,tbainbridge5r@nymag.com,Male,187.60.139.25
209,Blair,Slot,bslot5s@icq.com,Female,15.131.238.4
210,Pierce,Bartlomieczak,pbartlomieczak5t@columbia.edu,Agender,59.18.6.235
211,Ken,Bearman,kbearman5u@engadget.com,Male,38.50.219.157
212,Vallie,Fluit,vfluit5v@ibm.com,Genderqueer,51.234.85.175
213,Courtnay,Scothorne,cscothorne5w@hc360.com,Female,37.131.17.193
214,Benedikta,Hails,bhails5x@tamu.edu,Female,71.185.203.90
215,Crosby,Garmey,cgarmey5y@yellowbook.com,Male,51.90.61.213
216,Clare,Chessun,cchessun5z@is.gd,Female,149.35.65.216
217,Fran,Bruckshaw,fbruckshaw60@google.ru,Male,167.123.249.167
218,Kristel,Gammon,kgammon61@nih.gov,Female,4.116.102.95
219,Courtnay,Follitt,cfollitt62@disqus.com,Male,119.194.86.25
220,Selle,Keady,skeady63@columbia.edu,Female,217.200.88.199
221,Deborah,Cumming,dcumming64@twitpic.com,Female,209.9.175.66
222,Elizabeth,Trethowan,etrethowan65@xing.com,Female,142.124.137.228
223,Miquela,Connar,mconnar66@ucoz.com,Female,148.234.221.215
224,Godard,Hasselby,ghasselby67@boston.com,Male,229.84.148.156
225,Pavlov,Krammer,pkrammer68@ihg.com,Male,188.62.36.121
226,Easter,Treffry,etreffry69@live.com,Female,207.195.26.53
227,Lissa,Luckhurst,lluckhurst6a@flavors.me,Female,224.221.220.28
228,Devon,Carvell,dcarvell6b@globo.com,Female,210.4.12.211
229,Saxe,Astell,sastell6c@a8.net,Male,126.36.195.202
230,Poul,Sansun,psansun6d@ucla.edu,Male,95.82.9.144
231,Hank,Devonport,hdevonport6e@patch.com,Male,208.211.188.135
232,Colby,Feenan,cfeenan6f@examiner.com,Male,205.37.48.29
233,Jarrad,Penning,jpenning6g@redcross.org,Male,63.92.17.67
234,Janean,Benaine,jbenaine6h@printfriendly.com,Female,177.120.141.103
235,Lacey,Hammett,lhammett6i@ibm.com,Female,100.186.49.123
236,Marci,Probart,mprobart6j@yale.edu,Female,204.8.15.186
237,Cristina,Ferrier,cferrier6k@uiuc.edu,Female,116.95.40.188
238,Hertha,Cridlin,hcridlin6l@mtv.com,Female,105.236.146.73
239,Viva,Figliovanni,vfigliovanni6m@dmoz.org,Female,110.124.185.85
240,Franciska,de Clercq,fdeclercq6n@wsj.com,Female,113.45.191.33
241,Jozef,Belfrage,jbelfrage6o@soundcloud.com,Male,243.33.214.70
242,Rafael,Burker,rburker6p@simplemachines.org,Male,238.177.124.168
243,Catlaina,Rivlin,crivlin6q@webmd.com,Agender,130.65.27.236
244,Latrena,La Wille,llawille6r@mozilla.com,Female,38.255.0.57
245,Shelbi,Swain,sswain6s@un.org,Female,26.134.67.236
246,Joy,Churchman,jchurchman6t@shutterfly.com,Female,41.184.190.164
247,Carolyn,Dulling,cdulling6u@nationalgeographic.com,Female,48.53.54.184
248,Lona,Stowe,lstowe6v@youku.com,Female,82.150.77.24
249,Jen,MacLucais,jmaclucais6w@prlog.org,Non-binary,168.99.162.231
250,Chance,Carefull,ccarefull6x@epa.gov,Male,250.255.140.226
251,Arlyn,Dunlop,adunlop6y@jalbum.net,Genderqueer,80.132.49.174
252,Thornton,Punter,tpunter6z@tuttocitta.it,Male,75.242.134.181
253,Ade,Zoephel,azoephel70@digg.com,Male,65.254.236.239
254,Del,Searles,dsearles71@hp.com,Male,167.134.35.15
255,Gabbey,Bau,gbau72@marketwatch.com,Female,137.136.59.111
256,Camilla,Cosham,ccosham73@webmd.com,Female,17.221.188.23
257,Peta,Balham,pbalham74@nydailynews.com,Female,48.211.199.12
258,Charles,Memmory,cmemmory75@bbc.co.uk,Male,197.90.43.25
259,Duffie,Curr,dcurr76@hhs.gov,Male,45.113.239.209
260,Aylmar,Kither,akither77@reuters.com,Male,114.249.121.103
261,Ogdan,Birchner,obirchner78@tripod.com,Male,41.173.249.43
262,Cobb,Langston,clangston79@free.fr,Male,216.43.9.201
263,Dermot,Goodby,dgoodby7a@nifty.com,Male,186.18.149.128
264,Lin,O'Scanlon,loscanlon7b@ted.com,Female,85.61.107.208
265,Ezmeralda,Brame,ebrame7c@cafepress.com,Female,18.177.165.24
266,Finlay,Holburn,fholburn7d@gnu.org,Male,68.27.46.32
267,Bianca,Stoll,bstoll7e@imdb.com,Bigender,72.209.181.51
268,Thor,Strettell,tstrettell7f@fc2.com,Male,78.164.15.44
269,Rosco,Bodell,rbodell7g@reverbnation.com,Male,31.134.63.37
270,Witty,Browning,wbrowning7h@mapy.cz,Bigender,169.217.238.50
271,Theodore,Fowells,tfowells7i@homestead.com,Non-binary,251.166.171.94
272,Genia,Van der Linde,gvanderlinde7j@twitter.com,Female,77.83.244.76
273,Louella,Keningham,lkeningham7k@foxnews.com,Non-binary,244.42.87.200
274,Ebeneser,Dwyr,edwyr7l@va.gov,Male,249.186.238.92
275,Peggy,Jouen,pjouen7m@tripod.com,Female,3.242.102.68
276,Petey,Buick,pbuick7n@google.pl,Male,31.225.137.255
277,Bernie,Wotherspoon,bwotherspoon7o@wiley.com,Male,244.95.210.208
278,Dory,Kennsley,dkennsley7p@slashdot.org,Male,187.126.122.230
279,Jacklyn,Dumphry,jdumphry7q@dmoz.org,Female,144.83.121.146
280,Deane,Theunissen,dtheunissen7r@cloudflare.com,Female,159.233.127.79
281,Hazlett,Vellacott,hvellacott7s@huffingtonpost.com,Male,43.85.21.36
282,Wilt,Dulton,wdulton7t@blog.com,Male,128.174.8.180
283,Quentin,Pohls,qpohls7u@nifty.com,Bigender,56.3.99.161
284,Paulina,Fayre,pfayre7v@google.de,Polygender,7.131.0.40
285,Eddie,Tinker,etinker7w@gmpg.org,Male,251.61.160.238
286,Cointon,Ellicott,cellicott7x@discuz.net,Male,142.243.61.12
287,Tudor,Boutflour,tboutflour7y@unicef.org,Agender,60.109.148.107
288,Myranda,Snelgrove,msnelgrove7z@java.com,Female,193.167.131.202
289,Dasya,Threadgould,dthreadgould80@hatena.ne.jp,Female,32.236.208.26
290,Brynn,Gilfoyle,bgilfoyle81@arizona.edu,Bigender,247.177.30.221
291,Duffie,Barthrop,dbarthrop82@cmu.edu,Male,165.109.143.181
292,Rois,Milbourn,rmilbourn83@delicious.com,Female,138.243.141.156
293,Lurleen,Amery,lamery84@webeden.co.uk,Female,236.31.221.153
294,Wendy,Medlen,wmedlen85@e-recht24.de,Female,142.110.10.168
295,Katharine,Gredden,kgredden86@topsy.com,Female,182.90.152.171
296,Patrizia,Rycraft,prycraft87@nba.com,Female,208.138.16.220
297,Englebert,Handscombe,ehandscombe88@edublogs.org,Male,112.47.45.140
298,Bathsheba,Penley,bpenley89@loc.gov,Female,15.225.42.105
299,Hildy,Whanstall,hwhanstall8a@unc.edu,Female,173.9.231.132
300,Salomi,Storre,sstorre8b@amazon.co.jp,Female,161.217.33.252
301,Darci,Goskar,dgoskar8c@reverbnation.com,Female,66.197.44.205
302,Lazare,Sainz,lsainz8d@cpanel.net,Male,32.134.27.36
303,Margot,Southerill,msoutherill8e@dyndns.org,Female,151.166.235.88
304,Lavinie,Boggon,lboggon8f@cnet.com,Female,255.156.74.54
305,Adena,Dunbobbin,adunbobbin8g@howstuffworks.com,Female,159.16.193.9
306,Elvira,Westwater,ewestwater8h@washingtonpost.com,Female,119.94.112.249
307,Owen,Owain,oowain8i@wikia.com,Male,8.150.60.0
308,Terza,Wharlton,twharlton8j@skype.com,Female,153.196.3.234
309,Axe,Rumbelow,arumbelow8k@samsung.com,Male,115.145.86.119
310,Crosby,Schriren,cschriren8l@narod.ru,Polygender,14.37.66.153
311,Charlton,Wain,cwain8m@yolasite.com,Male,111.95.171.244
312,Shanan,Chavrin,schavrin8n@bluehost.com,Male,13.34.1.0
313,Cati,Elnaugh,celnaugh8o@businessweek.com,Female,140.132.129.51
314,Jacob,Jacquet,jjacquet8p@123-reg.co.uk,Male,75.8.48.95
315,Noel,Magovern,nmagovern8q@xrea.com,Male,37.180.90.145
316,Emelita,Laird,elaird8r@home.pl,Female,192.4.228.239
317,Mame,Brisley,mbrisley8s@netscape.com,Female,119.194.128.126
318,Munmro,Cullington,mcullington8t@umn.edu,Male,67.216.211.35
319,Sergent,Copcott,scopcott8u@techcrunch.com,Male,125.57.169.237
320,Nonie,Charity,ncharity8v@state.gov,Polygender,66.77.212.91
321,Darryl,Ridley,dridley8w@dagondesign.com,Male,134.139.179.219
322,Englebert,Keene,ekeene8x@wordpress.com,Male,115.215.86.248
323,Zeb,Godon,zgodon8y@histats.com,Male,228.245.42.87
324,Essie,Kiendl,ekiendl8z@lulu.com,Female,172.7.197.222
325,Gustave,Riddell,griddell90@skype.com,Male,61.230.56.10
326,Pascal,Marples,pmarples91@tinypic.com,Male,46.78.152.180
327,Esteban,Perrinchief,eperrinchief92@un.org,Male,82.223.2.190
328,Julina,Bister,jbister93@fema.gov,Female,100.14.189.164
329,Dionysus,Coltart,dcoltart94@google.de,Male,227.49.41.233
330,Allin,Albertson,aalbertson95@psu.edu,Male,165.159.212.6
331,Natassia,Rosenfelder,nrosenfelder96@about.com,Female,24.78.12.104
332,Ludwig,Bleasby,lbleasby97@storify.com,Male,133.86.244.213
333,Cordelia,Tomaszewicz,ctomaszewicz98@wordpress.org,Female,199.141.230.11
334,Pavel,Tankin,ptankin99@google.de,Male,172.244.164.223
335,Ozzie,Lilywhite,olilywhite9a@vk.com,Male,22.35.54.168
336,Dene,Lowings,dlowings9b@devhub.com,Male,169.143.238.76
337,Hayden,Garment,hgarment9c@tripadvisor.com,Male,215.58.20.229
338,Noach,Caudle,ncaudle9d@symantec.com,Male,27.150.245.39
339,Flory,Pyzer,fpyzer9e@fotki.com,Male,160.133.111.91
340,Terrye,Jersh,tjersh9f@amazon.com,Female,37.180.190.101
341,Shirlene,Samme,ssamme9g@loc.gov,Genderqueer,238.162.102.24
342,Gwenny,Roskelley,groskelley9h@woothemes.com,Female,153.254.250.167
343,Keefer,Headon,kheadon9i@nymag.com,Male,200.46.109.131
344,Pepe,Meletti,pmeletti9j@list-manage.com,Male,64.138.157.211
345,Levi,McAnulty,lmcanulty9k@pcworld.com,Male,99.7.127.30
346,Miran,Tydeman,mtydeman9l@state.gov,Female,193.182.24.232
347,Barn,Fitton,bfitton9m@gmpg.org,Male,234.34.207.212
348,Urbanus,Ridolfi,uridolfi9n@hubpages.com,Male,215.249.6.29
349,Larry,Grose,lgrose9o@patch.com,Male,89.170.68.200
350,Wynnie,Fuge,wfuge9p@blogspot.com,Genderfluid,177.88.133.192
351,Druci,Meale,dmeale9q@craigslist.org,Female,173.175.66.151
352,Dianne,Farries,dfarries9r@comsenz.com,Female,145.18.5.249
353,Joycelin,Sandey,jsandey9s@ezinearticles.com,Female,72.192.183.52
354,Ilyssa,Dressel,idressel9t@sphinn.com,Female,56.117.27.16
355,Ivor,McCafferky,imccafferky9u@state.tx.us,Male,237.173.35.235
356,Augustus,Hazeldean,ahazeldean9v@t-online.de,Male,48.191.134.69
357,Arleyne,Renol,arenol9w@aboutads.info,Female,180.212.194.115
358,Lois,Godthaab,lgodthaab9x@amazon.co.uk,Polygender,55.242.210.54
359,Waylan,Brandham,wbrandham9y@unicef.org,Male,136.156.152.144
360,Kandace,Diggin,kdiggin9z@comsenz.com,Female,21.41.187.242
361,Livvie,Alleyn,lalleyna0@wikispaces.com,Female,65.198.144.44
362,Emanuele,Eyckelberg,eeyckelberga1@blinklist.com,Male,44.242.99.13
363,Lane,Olney,lolneya2@cnet.com,Male,150.57.49.53
364,Nicolette,Jeffreys,njeffreysa3@photobucket.com,Polygender,114.70.34.100
365,Roscoe,Roussell,rroussella4@github.com,Male,244.162.88.35
366,Ava,Meeland,ameelanda5@paginegialle.it,Female,192.58.47.57
367,Lenee,Grasner,lgrasnera6@wsj.com,Female,252.146.94.128
368,Iain,Prosek,iproseka7@instagram.com,Male,10.239.25.254
369,Robb,Locke,rlockea8@cpanel.net,Male,146.114.100.72
370,Aeriela,Rainsden,arainsdena9@smugmug.com,Female,0.247.206.112
371,Boycie,Huc,bhucaa@chicagotribune.com,Male,172.140.49.20
372,Margo,Thornborrow,mthornborrowab@marketwatch.com,Female,114.85.41.101
373,Gino,Tutchell,gtutchellac@mozilla.com,Male,186.4.110.116
374,Padriac,Ping,ppingad@shutterfly.com,Male,7.61.145.35
375,Cheslie,Lessmare,clessmareae@taobao.com,Female,134.195.61.198
376,Jordanna,Vinecombe,jvinecombeaf@yellowpages.com,Non-binary,227.253.4.125
377,Lanae,Klimp,lklimpag@abc.net.au,Female,3.157.53.42
378,Tobias,Cohen,tcohenah@ask.com,Male,221.143.90.229
379,Elnar,Lipsett,elipsettai@reddit.com,Male,177.105.40.103
380,Juditha,Fusedale,jfusedaleaj@cnbc.com,Polygender,217.219.146.112
381,Shepard,Sille,ssilleak@go.com,Male,111.41.154.106
382,Celina,Geal,cgealal@jiathis.com,Female,243.240.198.180
383,Shelly,Bjorkan,sbjorkanam@delicious.com,Female,76.131.77.24
384,Vassili,Pavitt,vpavittan@artisteer.com,Male,21.15.44.108
385,Perri,Dolman,pdolmanao@dmoz.org,Female,165.145.245.25
386,Kevyn,Gulvin,kgulvinap@google.co.uk,Female,51.112.57.200
387,Fredrick,Jayne,fjayneaq@diigo.com,Male,149.19.93.85
388,Wilma,Kidd,wkiddar@nyu.edu,Female,4.220.163.153
389,Hettie,Shippard,hshippardas@youtube.com,Female,148.110.241.4
390,Griffin,Houseman,ghousemanat@alexa.com,Male,207.210.163.47
391,Edeline,Ridde,eriddeau@ask.com,Female,26.63.180.6
392,Sherlock,Sigars,ssigarsav@drupal.org,Male,144.104.141.205
393,Herrick,Hayhow,hhayhowaw@so-net.ne.jp,Male,139.222.48.14
394,Allegra,McRuvie,amcruvieax@cornell.edu,Female,31.114.137.149
395,Rickie,Just,rjustay@sogou.com,Female,133.59.44.196
396,Matthus,Lace,mlaceaz@irs.gov,Male,227.209.62.137
397,Lilian,Airth,lairthb0@blinklist.com,Female,81.203.25.249
398,Shaine,Althrope,salthropeb1@deliciousdays.com,Female,70.11.233.93
399,Marilee,Glendenning,mglendenningb2@java.com,Female,165.238.3.140
400,Berky,Reddings,breddingsb3@people.com.cn,Bigender,107.245.80.176
401,Meggy,Peeter,mpeeterb4@deliciousdays.com,Female,32.253.23.68
402,Etienne,Leadley,eleadleyb5@t.co,Genderfluid,225.202.249.136
403,Gilbertina,D'Avaux,gdavauxb6@e-recht24.de,Female,253.101.159.58
404,Andrea,Jirka,ajirkab7@stanford.edu,Male,20.142.80.82
405,Steffie,Guiver,sguiverb8@elegantthemes.com,Female,141.155.146.178
406,Sandor,Yter,syterb9@a8.net,Male,76.244.56.185
407,Jacky,Gaffey,jgaffeyba@digg.com,Female,49.48.204.190
408,Jud,Clewes,jclewesbb@paginegialle.it,Male,144.62.55.133
409,Lynde,Davenell,ldavenellbc@cisco.com,Female,175.35.101.142
410,Pennie,Palffy,ppalffybd@w3.org,Male,71.130.215.199
411,Jenny,Doctor,jdoctorbe@free.fr,Female,79.172.100.43
412,Rosamond,Bretton,rbrettonbf@umich.edu,Female,7.243.176.210
413,Imogen,Cowthard,icowthardbg@tiny.cc,Female,14.7.82.141
414,Levey,Heavyside,lheavysidebh@posterous.com,Male,176.28.238.68
415,Vanya,Roelofsen,vroelofsenbi@odnoklassniki.ru,Female,18.21.90.2
416,Hermine,Doiley,hdoileybj@ihg.com,Female,9.134.53.16
417,Edythe,Swedeland,eswedelandbk@auda.org.au,Female,39.107.43.156
418,Reagen,Ternouth,rternouthbl@so-net.ne.jp,Non-binary,80.38.85.140
419,Honey,Ranklin,hranklinbm@linkedin.com,Female,238.135.182.33
420,Fairfax,Dumphries,fdumphriesbn@wikipedia.org,Male,79.42.181.187
421,Laureen,Weatherhill,lweatherhillbo@un.org,Female,94.240.121.31
422,Roby,O'Henery,rohenerybp@bloglines.com,Polygender,113.57.115.145
423,Othelia,Giacomozzo,ogiacomozzobq@hatena.ne.jp,Female,148.91.195.249
424,Florrie,Hughs,fhughsbr@theatlantic.com,Female,140.2.82.134
425,Marcille,Jarvie,mjarviebs@berkeley.edu,Female,206.129.105.68
426,Andriana,Ryhorovich,aryhorovichbt@dropbox.com,Female,174.56.131.21
427,Fredric,Kirdsch,fkirdschbu@dailymotion.com,Male,199.166.7.140
428,Diannne,Girauld,dgirauldbv@eepurl.com,Female,217.209.7.50
429,Kaye,Haugg,khauggbw@slate.com,Female,217.206.183.184
430,Kirstin,Groomebridge,kgroomebridgebx@about.com,Female,34.78.176.111
431,Pauly,Henstone,phenstoneby@umn.edu,Genderqueer,39.66.134.122
432,Kai,Dewar,kdewarbz@zimbio.com,Female,147.22.254.180
433,Deane,Monckman,dmonckmanc0@wikipedia.org,Female,240.195.139.255
434,Kristian,Luparti,klupartic1@people.com.cn,Male,255.45.176.202
435,Fionna,Struys,fstruysc2@sciencedaily.com,Female,124.110.254.156
436,Roldan,Cupper,rcupperc3@technorati.com,Genderqueer,217.47.64.248
437,Loydie,Wem,lwemc4@moonfruit.com,Male,32.184.161.80
438,Bard,Gocke,bgockec5@whitehouse.gov,Male,30.29.80.11
439,Alyson,Regi,aregic6@stumbleupon.com,Female,172.7.49.167
440,Zuzana,Witcherley,zwitcherleyc7@paypal.com,Female,48.86.169.159
441,Barty,Kryszkiecicz,bkryszkieciczc8@tuttocitta.it,Male,250.81.106.84
442,Vivyanne,Behrens,vbehrensc9@vk.com,Female,253.186.178.60
443,Babita,Ondrusek,bondrusekca@friendfeed.com,Female,177.57.152.83
444,Priscella,Veschi,pveschicb@mozilla.org,Female,57.176.205.105
445,Elianora,Antonognoli,eantonognolicc@blinklist.com,Female,198.60.78.237
446,Eamon,Thirlaway,ethirlawaycd@wikimedia.org,Male,96.114.78.48
447,Rhetta,Danaher,rdanaherce@elegantthemes.com,Female,249.114.148.51
448,Maisie,Latus,mlatuscf@blog.com,Female,208.174.75.146
449,Ed,Toop,etoopcg@hao123.com,Male,11.155.49.121
450,La verne,Merrgen,lmerrgench@upenn.edu,Female,87.136.129.82
451,Temple,Aspinwall,taspinwallci@who.int,Male,124.0.181.63
452,Cherrita,Dabs,cdabscj@prweb.com,Genderqueer,224.157.31.210
453,Rodolphe,Gabey,rgabeyck@uiuc.edu,Male,115.164.54.220
454,Merralee,Cramb,mcrambcl@unc.edu,Female,204.39.142.218
455,Reed,Brasener,rbrasenercm@va.gov,Male,32.47.234.219
456,Dominica,Varley,dvarleycn@issuu.com,Female,55.66.57.226
457,Michail,Laneham,mlanehamco@wikipedia.org,Male,212.181.173.92
458,Dagny,Brauner,dbraunercp@globo.com,Male,44.250.103.19
459,Pattin,Irving,pirvingcq@g.co,Male,9.61.239.190
460,Alis,Wheway,awhewaycr@cafepress.com,Female,121.67.175.129
461,Laurene,Jacob,ljacobcs@netvibes.com,Female,142.228.72.93
462,Irwin,Castree,icastreect@youtu.be,Male,41.54.80.54
463,Julian,Eastam,jeastamcu@ft.com,Male,210.183.127.142
464,Andrey,Degoe,adegoecv@is.gd,Male,121.120.5.119
465,Mill,de Chastelain,mdechastelaincw@huffingtonpost.com,Male,152.199.17.22
466,Joete,Bartlomiejczyk,jbartlomiejczykcx@mayoclinic.com,Female,141.206.159.113
467,Mathian,Dessant,mdessantcy@bbb.org,Male,6.176.200.254
468,Job,Loxdale,jloxdalecz@xinhuanet.com,Male,46.231.9.125
469,Morry,Mulvey,mmulveyd0@ow.ly,Male,97.98.243.192
470,Dionisio,Acors,dacorsd1@pbs.org,Male,70.195.193.243
471,De,Burnett,dburnettd2@usnews.com,Female,189.179.251.6
472,Risa,Annatt,rannattd3@weather.com,Non-binary,59.95.183.206
473,Ernestine,Dunrige,edunriged4@unblog.fr,Female,181.89.44.31
474,Briano,McKeady,bmckeadyd5@csmonitor.com,Male,237.250.118.63
475,Bron,Jerwood,bjerwoodd6@usnews.com,Male,59.133.98.183
476,Abbey,O'Boyle,aoboyled7@deviantart.com,Female,247.61.55.54
477,Renee,Vivers,rviversd8@angelfire.com,Female,35.5.247.121
478,Marya,Burges,mburgesd9@4shared.com,Female,72.12.25.109
479,Nelson,Doody,ndoodyda@theglobeandmail.com,Male,216.24.220.241
480,Kizzie,Boagey,kboageydb@istockphoto.com,Female,213.193.230.154
481,Ardis,Lodovichi,alodovichidc@wikispaces.com,Female,247.245.240.206
482,Cindy,Lademann,clademanndd@mayoclinic.com,Female,54.239.145.134
483,Edan,Triplett,etriplettde@alexa.com,Male,80.247.202.150
484,Carl,Aseef,caseefdf@instagram.com,Polygender,30.13.33.99
485,Abeu,Detoc,adetocdg@storify.com,Male,207.152.242.157
486,Phaedra,Sandyfirth,psandyfirthdh@illinois.edu,Female,126.129.31.147
487,Xena,Farre,xfarredi@domainmarket.com,Female,230.190.45.132
488,Yanaton,Eakley,yeakleydj@ebay.co.uk,Male,247.22.14.209
489,Leonidas,McCloy,lmccloydk@yellowpages.com,Male,68.195.115.249
490,Sullivan,Nuzzti,snuzztidl@paginegialle.it,Male,118.59.23.23
491,Jamima,Luddy,jluddydm@ft.com,Female,200.17.208.114
492,Evan,Bartali,ebartalidn@printfriendly.com,Non-binary,193.235.104.229
493,Carolina,Ludgrove,cludgrovedo@msu.edu,Female,166.113.162.102
494,Adolf,Barnewille,abarnewilledp@forbes.com,Male,152.175.180.199
495,Barbi,Lewer,blewerdq@java.com,Female,151.27.155.38
496,Mercie,Elcom,melcomdr@storify.com,Polygender,243.27.171.129
497,Penelope,Vassar,pvassards@trellian.com,Female,50.235.178.221
498,Lilyan,Grut,lgrutdt@fotki.com,Agender,59.32.58.116
499,Aloise,Anstey,aansteydu@walmart.com,Female,99.81.210.54
500,Hamlin,Spellesy,hspellesydv@phoca.cz,Male,26.232.115.221
501,Phineas,Rubery,pruberydw@seesaa.net,Male,208.214.111.211
502,Livy,Hallsworth,lhallsworthdx@squidoo.com,Female,99.170.91.77
503,Giffard,Benson,gbensondy@illinois.edu,Male,128.22.113.168
504,Farrell,Burkinshaw,fburkinshawdz@facebook.com,Male,10.144.124.17
505,Conrado,Visco,cviscoe0@soundcloud.com,Male,171.149.136.179
506,Emelita,Nunnery,enunnerye1@lycos.com,Female,4.242.101.10
507,Madge,Gerok,mgeroke2@yolasite.com,Genderqueer,44.61.12.168
508,Ogden,Swaisland,oswaislande3@stanford.edu,Male,222.219.118.20
509,Willamina,Berthelet,wberthelete4@fastcompany.com,Female,38.168.251.247
510,Kris,Hurleston,khurlestone5@yellowpages.com,Non-binary,74.253.181.40
511,Hayden,Zanassi,hzanassie6@msn.com,Polygender,10.96.123.60
512,Georgeta,Jankowski,gjankowskie7@irs.gov,Female,90.239.178.100
513,Kari,Potbury,kpotburye8@posterous.com,Female,44.52.221.107
514,Worth,Cohrs,wcohrse9@ucoz.ru,Male,194.77.34.44
515,Hillard,Lorenzetto,hlorenzettoea@psu.edu,Male,159.112.31.92
516,Ringo,Stepney,rstepneyeb@jiathis.com,Male,180.113.180.75
517,Desiree,Dewerson,ddewersonec@patch.com,Female,159.97.139.136
518,Emmet,Connerly,econnerlyed@spiegel.de,Male,106.36.75.227
519,Robin,Gyppes,rgyppesee@unesco.org,Male,211.9.57.237
520,Matilde,Worssam,mworssamef@reference.com,Polygender,85.252.211.9
521,Karisa,Fearne,kfearneeg@pagesperso-orange.fr,Female,199.118.177.203
522,Fawn,Hannaford,fhannafordeh@foxnews.com,Female,248.140.180.91
523,Freeman,Ferrier,fferrierei@ibm.com,Male,140.190.160.88
524,Gustie,Brabant,gbrabantej@indiatimes.com,Female,150.170.100.74
525,Ash,Lude,aludeek@skype.com,Male,62.91.16.254
526,Walden,Orr,worrel@nhs.uk,Male,48.29.253.75
527,Miltie,Martinets,mmartinetsem@businesswire.com,Male,104.153.11.201
528,Karl,Letterese,klettereseen@comcast.net,Male,36.94.35.107
529,Farlay,Grishinov,fgrishinoveo@msu.edu,Genderfluid,88.176.141.76
530,Zarah,Smitherman,zsmithermanep@bravesites.com,Female,86.168.26.22
531,Babb,Dunseith,bdunseitheq@wikipedia.org,Female,146.11.198.39
532,Afton,Matushevich,amatushevicher@yellowpages.com,Female,21.254.136.205
533,Breena,Reece,breecees@state.tx.us,Female,136.91.142.157
534,Dell,Bettley,dbettleyet@scientificamerican.com,Male,118.97.52.234
535,Constantino,Roseaman,croseamaneu@booking.com,Male,83.79.249.142
536,Toddie,Stallan,tstallanev@gov.uk,Male,195.222.246.25
537,Lemmy,McGaughay,lmcgaughayew@tripadvisor.com,Male,191.120.30.209
538,Herculie,Thulborn,hthulbornex@printfriendly.com,Male,99.146.167.111
539,Bink,Gumey,bgumeyey@theguardian.com,Male,223.150.164.215
540,Maxwell,Hurley,mhurleyez@reuters.com,Genderfluid,170.180.30.25
541,Clevie,Gedling,cgedlingf0@parallels.com,Male,140.199.231.6
542,Chaddy,Beddo,cbeddof1@dailymail.co.uk,Male,248.136.122.18
543,Abie,Fattore,afattoref2@dropbox.com,Male,119.29.89.197
544,Mella,Barltrop,mbarltropf3@theatlantic.com,Female,180.250.97.148
545,Mindy,Baldery,mbalderyf4@un.org,Female,14.36.127.92
546,Shanon,Willmett,swillmettf5@merriam-webster.com,Female,39.100.253.83
547,Allard,Brugemann,abrugemannf6@phoca.cz,Male,46.81.102.183
548,Henrieta,Trippack,htrippackf7@people.com.cn,Female,73.195.227.135
549,Cleavland,Charer,ccharerf8@ca.gov,Male,6.143.218.161
550,Biron,Hilldrop,bhilldropf9@gov.uk,Male,47.200.221.255
551,Dru,McMillian,dmcmillianfa@dropbox.com,Male,76.174.28.152
552,Jamey,Klezmski,jklezmskifb@webnode.com,Male,226.8.158.122
553,Oates,Poacher,opoacherfc@gmpg.org,Male,29.164.229.212
554,Dex,Gregorace,dgregoracefd@microsoft.com,Male,115.252.59.92
555,Karina,Janusik,kjanusikfe@house.gov,Female,129.223.89.218
556,Zonda,Govinlock,zgovinlockff@fema.gov,Female,37.56.68.167
557,Constantine,Behagg,cbehaggfg@ted.com,Female,118.45.0.221
558,Erica,Ayerst,eayerstfh@earthlink.net,Female,134.239.161.233
559,Myrtie,Balshaw,mbalshawfi@tamu.edu,Female,40.235.128.73
560,Elisabet,Hardinge,ehardingefj@webeden.co.uk,Female,181.169.122.39
561,Cayla,Creavin,ccreavinfk@reuters.com,Female,82.243.173.96
562,Sylas,Rozycki,srozyckifl@networkadvertising.org,Male,3.16.130.48
563,Fleming,Nind,fnindfm@vinaora.com,Male,173.147.127.200
564,Eziechiele,Spurman,espurmanfn@merriam-webster.com,Male,39.82.19.203
565,Julianna,Vink,jvinkfo@mit.edu,Female,139.190.206.124
566,Debbie,de Courcey,ddecourceyfp@photobucket.com,Female,223.176.38.123
567,Oliviero,Gaskin,ogaskinfq@alibaba.com,Male,217.71.206.106
568,Pete,Dufaire,pdufairefr@comcast.net,Male,148.232.50.232
569,Mandy,Fidal,mfidalfs@vk.com,Female,102.183.70.205
570,Waiter,Goodfield,wgoodfieldft@delicious.com,Male,72.162.106.93
571,Far,D'Alwis,fdalwisfu@tumblr.com,Male,230.146.239.37
572,Dominga,Fairall,dfairallfv@chronoengine.com,Female,22.239.53.32
573,Gherardo,McKevin,gmckevinfw@goo.ne.jp,Male,21.17.54.241
574,Eric,Pigott,epigottfx@fc2.com,Male,155.189.127.195
575,Kimmi,Reyna,kreynafy@skyrock.com,Female,86.202.123.193
576,Estelle,Edelheid,eedelheidfz@odnoklassniki.ru,Female,170.197.255.112
577,Barnaby,Tewkesbury,btewkesburyg0@msu.edu,Male,59.73.169.224
578,Umberto,Treleven,utreleveng1@archive.org,Genderfluid,255.133.27.141
579,Isa,Giraudat,igiraudatg2@theguardian.com,Male,2.205.154.169
580,Suzanne,Gieraths,sgierathsg3@jigsy.com,Female,102.230.98.125
581,Vinny,Yedall,vyedallg4@msn.com,Non-binary,114.211.50.63
582,Gaultiero,Mungin,gmunging5@123-reg.co.uk,Male,90.115.38.11
583,Edward,Lennarde,elennardeg6@jiathis.com,Male,109.191.149.161
584,Oralie,Lezemere,olezemereg7@about.me,Genderqueer,125.214.23.173
585,Ninon,Martynka,nmartynkag8@bluehost.com,Female,92.207.120.118
586,Lucina,Strutley,lstrutleyg9@alexa.com,Female,24.82.121.39
587,Felice,Powles,fpowlesga@miibeian.gov.cn,Female,163.188.129.142
588,Manny,Orrock,morrockgb@diigo.com,Male,22.126.64.88
589,Shaylynn,Pilley,spilleygc@yolasite.com,Female,105.76.60.223
590,Silvester,Nelane,snelanegd@home.pl,Polygender,225.203.234.253
591,Coop,D'Emanuele,cdemanuelege@elegantthemes.com,Male,190.38.223.1
592,Raquel,Van Ross,rvanrossgf@tuttocitta.it,Female,61.50.114.128
593,Agatha,Goldsberry,agoldsberrygg@wufoo.com,Female,70.17.165.81
594,Meridith,Nettles,mnettlesgh@sphinn.com,Female,69.44.7.163
595,Zacharie,Chesterfield,zchesterfieldgi@ucoz.ru,Male,92.44.169.205
596,Jonas,Archibould,jarchibouldgj@etsy.com,Male,168.93.210.254
597,Faulkner,Scaysbrook,fscaysbrookgk@kickstarter.com,Male,185.231.150.175
598,Darcey,Reolfi,dreolfigl@addtoany.com,Bigender,67.73.94.63
599,Laryssa,Scurrell,lscurrellgm@jugem.jp,Female,174.197.53.95
600,Barnett,Caser,bcasergn@opera.com,Male,119.50.44.120
601,Susanetta,Cuddy,scuddygo@jugem.jp,Female,248.240.141.50
602,Neils,Siveyer,nsiveyergp@elegantthemes.com,Male,133.79.131.238
603,Amandi,Atton,aattongq@mail.ru,Female,14.101.57.204
604,Kienan,Kopmann,kkopmanngr@sciencedirect.com,Male,119.60.11.116
605,Tessy,Caunce,tcauncegs@businessinsider.com,Female,217.113.189.234
606,Alfonse,Jelf,ajelfgt@webmd.com,Male,176.206.240.57
607,Mariam,Oliveras,moliverasgu@google.co.uk,Bigender,239.214.153.89
608,Timofei,Mecco,tmeccogv@tinypic.com,Non-binary,24.173.226.190
609,Catherine,Chesson,cchessongw@wikia.com,Female,243.213.149.252
610,Eric,Duffan,eduffangx@ameblo.jp,Male,137.205.3.199
611,Myrtice,Aldhous,maldhousgy@ning.com,Female,126.169.155.164
612,Chickie,Cosser,ccossergz@e-recht24.de,Female,251.9.79.28
613,Heriberto,Dymocke,hdymockeh0@jiathis.com,Male,249.126.47.236
614,Bernelle,Buxcy,bbuxcyh1@sciencedaily.com,Female,152.124.57.92
615,Lindon,Filipchikov,lfilipchikovh2@tinypic.com,Male,38.189.22.228
616,Della,Traher,dtraherh3@senate.gov,Female,244.13.139.174
617,Zandra,Goning,zgoningh4@twitpic.com,Female,103.189.241.121
618,Clemente,Taplin,ctaplinh5@nydailynews.com,Male,109.223.8.248
619,Yvor,Kembley,ykembleyh6@yelp.com,Male,52.41.149.19
620,Kelcy,Lansberry,klansberryh7@msu.edu,Female,153.227.141.209
621,Diane,Loker,dlokerh8@vistaprint.com,Female,255.173.185.111
622,Marj,Chidzoy,mchidzoyh9@photobucket.com,Female,78.237.215.162
623,Cam,Bonick,cbonickha@yale.edu,Female,241.214.201.214
624,Catha,Srawley,csrawleyhb@bloglovin.com,Female,128.119.113.72
625,Elmira,Yeoland,eyeolandhc@yolasite.com,Female,4.212.152.83
626,Amie,Finnimore,afinnimorehd@elegantthemes.com,Female,125.13.114.35
627,Garland,Argontt,gargontthe@topsy.com,Female,226.169.127.67
628,Shir,Di Maria,sdimariahf@apache.org,Female,177.226.241.59
629,Ferdinand,McGlynn,fmcglynnhg@icio.us,Bigender,17.129.128.158
630,Zerk,Marrow,zmarrowhh@tamu.edu,Male,126.245.75.43
631,Crin,Champ,cchamphi@epa.gov,Female,144.205.172.96
632,Ramsey,Bier,rbierhj@java.com,Male,145.213.157.196
633,Cacilie,Schimonek,cschimonekhk@kickstarter.com,Female,23.34.100.186
634,Nessy,Rodie,nrodiehl@virginia.edu,Female,88.210.197.93
635,Augustin,Mc Ilory,amciloryhm@wsj.com,Male,33.103.130.212
636,Fax,Benoi,fbenoihn@yahoo.com,Male,205.32.184.111
637,Anjela,Fursey,afurseyho@wikipedia.org,Female,133.19.253.209
638,Barbee,Wackley,bwackleyhp@google.cn,Female,156.220.83.140
639,Minerva,Chedgey,mchedgeyhq@cyberchimps.com,Polygender,55.17.222.233
640,Jobye,Jarad,jjaradhr@shop-pro.jp,Female,169.150.208.245
641,Buckie,Lashbrook,blashbrookhs@archive.org,Male,8.250.201.17
642,Preston,Jirus,pjirusht@economist.com,Male,77.15.174.163
643,Ricky,Totterdill,rtotterdillhu@sogou.com,Female,93.18.71.184
644,Adrien,Till,atillhv@wikia.com,Bigender,87.31.131.174
645,Rozalie,Neilly,rneillyhw@google.ca,Female,156.230.150.18
646,Mireille,Lehrahan,mlehrahanhx@yandex.ru,Female,146.115.163.48
647,Tersina,Aujouanet,taujouanethy@yale.edu,Bigender,98.46.51.72
648,Frankie,Copperwaite,fcopperwaitehz@clickbank.net,Male,86.211.81.7
649,Tiertza,Juden,tjudeni0@cisco.com,Female,220.57.35.242
650,Coreen,Rickardes,crickardesi1@unc.edu,Female,154.204.122.109
651,Dorian,Harrald,dharraldi2@admin.ch,Female,23.176.221.74
652,Emmalynn,Tufts,etuftsi3@homestead.com,Polygender,81.82.162.129
653,Mackenzie,Crevy,mcrevyi4@dagondesign.com,Male,228.130.228.243
654,Herminia,Marham,hmarhami5@multiply.com,Female,0.94.93.122
655,Engracia,Preene,epreenei6@pinterest.com,Female,154.237.115.127
656,Cad,Huggard,chuggardi7@ted.com,Male,60.37.188.80
657,Haven,Acreman,hacremani8@typepad.com,Male,200.115.186.82
658,Hershel,Gayter,hgayteri9@over-blog.com,Bigender,128.249.249.225
659,Danell,Neicho,dneichoia@studiopress.com,Female,3.242.28.41
660,Eal,Phizackerly,ephizackerlyib@globo.com,Male,159.91.183.188
661,Barri,Mandeville,bmandevilleic@ask.com,Male,241.169.109.165
662,Ilsa,Statter,istatterid@blogger.com,Female,94.24.209.23
663,Bettine,Peaurt,bpeaurtie@vimeo.com,Female,252.114.216.108
664,Corbet,Vesty,cvestyif@deviantart.com,Male,164.95.201.138
665,Rhoda,Rapkins,rrapkinsig@hao123.com,Female,215.4.23.71
666,Pebrook,Stuck,pstuckih@psu.edu,Male,77.47.169.11
667,Engelbert,Pettingill,epettingillii@soup.io,Male,152.26.98.11
668,Martica,Wherton,mwhertonij@alibaba.com,Female,149.78.127.79
669,Aldwin,Kowal,akowalik@fda.gov,Male,22.160.95.146
670,Kendre,Fernez,kfernezil@4shared.com,Female,52.82.212.251
671,Shaw,Mariette,smarietteim@dedecms.com,Male,43.107.75.130
672,Garwin,Cloney,gcloneyin@gizmodo.com,Male,252.168.17.87
673,Carolynn,Rathbourne,crathbourneio@deviantart.com,Female,121.44.205.62
674,Arturo,Girt,agirtip@goo.gl,Male,46.194.76.91
675,Carrissa,O'Spillane,cospillaneiq@livejournal.com,Female,84.180.75.89
676,Norene,Slowan,nslowanir@cyberchimps.com,Female,59.251.45.189
677,Valerie,Bealton,vbealtonis@webs.com,Female,79.181.145.189
678,Alan,Cottill,acottillit@uol.com.br,Male,164.42.156.91
679,Guilbert,Boyes,gboyesiu@free.fr,Male,40.14.71.31
680,Lenci,Friedenbach,lfriedenbachiv@virginia.edu,Male,232.162.161.205
681,Viviene,Dunphy,vdunphyiw@businessinsider.com,Female,90.140.119.0
682,Dorian,Mabbot,dmabbotix@geocities.com,Female,184.79.185.124
683,Krysta,Evennett,kevennettiy@rambler.ru,Female,45.119.153.60
684,Georg,Drayson,gdraysoniz@opensource.org,Genderfluid,93.212.205.134
685,Gonzalo,Fifield,gfifieldj0@hatena.ne.jp,Male,231.135.213.223
686,Alfred,Dowthwaite,adowthwaitej1@google.co.jp,Male,30.128.12.24
687,Vernen,Jedraszczyk,vjedraszczykj2@examiner.com,Male,141.80.28.245
688,Hally,Brandin,hbrandinj3@prweb.com,Female,25.10.136.1
689,Rawley,Darlison,rdarlisonj4@miibeian.gov.cn,Male,121.100.201.91
690,Freedman,Matten,fmattenj5@privacy.gov.au,Male,53.191.93.29
691,Marta,Pavlenkov,mpavlenkovj6@networksolutions.com,Female,20.8.172.120
692,Upton,Lambole,ulambolej7@cornell.edu,Male,229.60.185.42
693,Silas,Dallander,sdallanderj8@who.int,Male,109.251.18.90
694,Loni,Coddington,lcoddingtonj9@booking.com,Female,146.42.96.226
695,Charles,Spellesy,cspellesyja@github.io,Non-binary,76.45.246.176
696,Sorcha,Ramsell,sramselljb@google.co.uk,Female,34.24.219.66
697,Keenan,Breckenridge,kbreckenridgejc@artisteer.com,Male,241.230.156.6
698,Marlane,Greim,mgreimjd@vkontakte.ru,Female,48.34.116.25
699,Veronika,Patrick,vpatrickje@dion.ne.jp,Female,174.25.52.131
700,Norbie,MacHarg,nmachargjf@1und1.de,Male,77.56.162.54
701,Richmond,Krzyzaniak,rkrzyzaniakjg@google.com.au,Genderqueer,234.2.152.141
702,Elissa,Newarte,enewartejh@php.net,Agender,15.163.47.135
703,Hernando,Matthewman,hmatthewmanji@csmonitor.com,Male,100.152.136.97
704,Kelwin,Sainte Paul,ksaintepauljj@privacy.gov.au,Male,43.159.69.117
705,Rosmunda,Simonsson,rsimonssonjk@ifeng.com,Female,43.164.16.193
706,Corey,Wildman,cwildmanjl@etsy.com,Male,124.197.28.6
707,Sharron,Pressdee,spressdeejm@mit.edu,Agender,238.78.27.130
708,Courtnay,Trayling,ctraylingjn@independent.co.uk,Female,162.252.28.231
709,Antone,Bavin,abavinjo@squarespace.com,Male,165.91.224.90
710,Dody,Grovier,dgrovierjp@technorati.com,Female,81.66.141.185
711,Thadeus,Stemson,tstemsonjq@mtv.com,Male,107.247.154.70
712,Stacy,Grent,sgrentjr@acquirethisname.com,Female,176.56.212.182
713,Jacinthe,Benedikt,jbenediktjs@is.gd,Female,168.180.129.54
714,Shandee,Mabbitt,smabbittjt@reuters.com,Female,96.105.1.255
715,Dennet,Bleacher,dbleacherju@opera.com,Male,71.61.53.26
716,Nicolis,Fancutt,nfancuttjv@cpanel.net,Male,79.120.177.20
717,Fiorenze,Barfford,fbarffordjw@craigslist.org,Female,161.66.88.20
718,Gilberto,Rollett,grollettjx@mlb.com,Male,42.1.145.60
719,Terrijo,Hawkswood,thawkswoodjy@nbcnews.com,Female,111.226.252.168
720,Dall,Brosh,dbroshjz@hugedomains.com,Male,75.246.199.174
721,Georgine,Algie,galgiek0@lulu.com,Female,164.134.195.246
722,Lyssa,Bengoechea,lbengoecheak1@google.es,Female,199.74.243.146
723,Shir,Winger,swingerk2@skyrock.com,Female,64.172.95.102
724,Brooks,Wilmot,bwilmotk3@skype.com,Female,236.177.212.101
725,Ellyn,Genthner,egenthnerk4@ed.gov,Female,242.74.237.231
726,Winthrop,Sarfas,wsarfask5@cnn.com,Male,114.27.210.51
727,Rafa,Frunks,rfrunksk6@cnbc.com,Female,191.176.73.20
728,Olly,Passo,opassok7@businessinsider.com,Male,108.166.92.36
729,Towney,Tiuit,ttiuitk8@scribd.com,Male,133.7.127.163
730,Shamus,Bertomier,sbertomierk9@webeden.co.uk,Male,86.108.86.138
731,Teddi,Rosettini,trosettinika@pinterest.com,Female,133.72.137.25
732,Carena,Phelipeau,cphelipeaukb@com.com,Female,6.43.115.162
733,Wainwright,Scoggan,wscoggankc@dropbox.com,Male,165.141.250.121
734,Dorian,McEwan,dmcewankd@accuweather.com,Male,19.146.22.41
735,Claudell,Magowan,cmagowanke@exblog.jp,Male,43.171.27.228
736,Horacio,Hupe,hhupekf@multiply.com,Male,203.181.11.102
737,Abrahan,Hallowell,ahallowellkg@wsj.com,Male,162.230.45.64
738,Sharon,Hadingham,shadinghamkh@blog.com,Female,255.9.155.74
739,Amerigo,Darmody,adarmodyki@ucoz.ru,Male,78.138.69.115
740,Chester,Affron,caffronkj@vimeo.com,Male,190.153.163.28
741,Abbie,O'Cahill,aocahillkk@a8.net,Female,41.75.150.179
742,Basil,Tetther,btettherkl@imgur.com,Bigender,242.253.152.56
743,Alix,Tweedle,atweedlekm@bloomberg.com,Female,143.134.156.247
744,Griswold,Shotbolt,gshotboltkn@earthlink.net,Male,211.104.117.83
745,Audy,Sturrock,asturrockko@europa.eu,Female,221.188.208.98
746,Raymond,Varcoe,rvarcoekp@goo.gl,Male,174.176.176.53
747,Silvain,Glencrash,sglencrashkq@chron.com,Male,99.149.180.198
748,Raddie,Beddall,rbeddallkr@cdc.gov,Male,174.211.122.78
749,Evangelia,Gulk,egulkks@com.com,Female,118.154.218.140
750,Janaya,Hatt,jhattkt@wufoo.com,Female,123.101.66.122
751,Bayard,Willerson,bwillersonku@mit.edu,Male,40.73.46.217
752,Carol,Grotty,cgrottykv@telegraph.co.uk,Female,227.125.43.127
753,Cloe,Viall,cviallkw@sina.com.cn,Female,126.161.246.80
754,Sallee,Maasz,smaaszkx@netlog.com,Female,36.246.89.21
755,Clary,Donnell,cdonnellky@merriam-webster.com,Female,190.55.234.195
756,Cazzie,Randerson,crandersonkz@webnode.com,Agender,163.122.245.69
757,Tina,Lambersen,tlambersenl0@csmonitor.com,Female,132.157.165.73
758,Amie,Croce,acrocel1@barnesandnoble.com,Female,211.173.64.116
759,Roberta,Duckworth,rduckworthl2@arizona.edu,Female,3.68.149.171
760,Neala,Lauridsen,nlauridsenl3@netlog.com,Agender,71.130.41.208
761,Garrard,Albisser,galbisserl4@vimeo.com,Male,14.66.215.66
762,Vinni,Guilleton,vguilletonl5@jiathis.com,Female,111.27.58.212
763,Venus,Larkkem,vlarkkeml6@dagondesign.com,Female,29.94.184.234
764,Sigmund,Hulland,shullandl7@ocn.ne.jp,Male,107.142.199.236
765,Kristy,Trelevan,ktrelevanl8@economist.com,Female,251.133.159.46
766,Hayyim,Danilchik,hdanilchikl9@cbc.ca,Male,192.74.96.34
767,Marin,Ioannou,mioannoula@cbc.ca,Female,68.0.3.174
768,Avictor,Petri,apetrilb@cbc.ca,Male,132.83.223.244
769,Sheila-kathryn,Stolting,sstoltinglc@hugedomains.com,Female,201.219.189.192
770,Calv,Bamsey,cbamseyld@slate.com,Male,210.61.193.178
771,Berthe,Mila,bmilale@yale.edu,Female,96.141.161.208
772,Eberto,Grisbrook,egrisbrooklf@illinois.edu,Male,91.126.62.42
773,Kyrstin,Keal,kkeallg@webnode.com,Female,92.42.36.122
774,Daven,Pearsey,dpearseylh@foxnews.com,Male,204.100.88.184
775,Jenna,Boffin,jboffinli@weather.com,Female,97.251.255.183
776,Ennis,Skyrm,eskyrmlj@desdev.cn,Male,88.173.69.155
777,Myrwyn,Phizaclea,mphizaclealk@google.pl,Male,196.224.149.124
778,Drona,O'Lyhane,dolyhanell@chronoengine.com,Non-binary,83.12.171.176
779,Nellie,Worstall,nworstalllm@mediafire.com,Female,1.18.2.243
780,Bianka,Pardon,bpardonln@slate.com,Polygender,250.173.181.46
781,Clay,Woofendell,cwoofendelllo@reference.com,Male,207.64.72.31
782,Emelen,Seals,esealslp@jugem.jp,Male,42.180.70.161
783,Davis,Leahey,dleaheylq@liveinternet.ru,Male,239.124.102.161
784,Dougie,Strond,dstrondlr@reverbnation.com,Male,101.123.24.136
785,Barr,Kenelin,bkenelinls@hubpages.com,Male,5.142.217.140
786,Aguste,Spurgeon,aspurgeonlt@wikispaces.com,Male,194.30.207.169
787,Artemas,Labba,alabbalu@ft.com,Male,98.241.31.113
788,Bethany,Coutts,bcouttslv@tripod.com,Female,251.137.161.74
789,Roddie,Gatty,rgattylw@spotify.com,Male,138.237.12.18
790,Jorge,Hutsby,jhutsbylx@yolasite.com,Male,180.27.243.144
791,Krystyna,Flight,kflightly@people.com.cn,Agender,82.216.114.8
792,Jewel,Corp,jcorplz@behance.net,Female,51.239.96.88
793,Marion,Huncoot,mhuncootm0@wsj.com,Male,167.118.202.219
794,Lockwood,Pullin,lpullinm1@mediafire.com,Male,7.204.121.224
795,Olympe,Dreng,odrengm2@amazon.co.jp,Genderqueer,133.26.72.252
796,Philippine,Thirlaway,pthirlawaym3@who.int,Bigender,34.160.80.51
797,Fawn,Gleeton,fgleetonm4@cafepress.com,Female,148.115.212.206
798,Husain,Absolom,habsolomm5@house.gov,Male,27.77.34.125
799,Zacharias,Pope,zpopem6@cbslocal.com,Male,154.201.38.47
800,Nata,Halliberton,nhallibertonm7@ft.com,Female,141.75.52.240
801,Sherm,Philbin,sphilbinm8@npr.org,Male,90.134.148.104
802,Elbertina,McCarl,emccarlm9@thetimes.co.uk,Female,36.213.102.64
803,Amber,Dow,adowma@tamu.edu,Female,220.180.223.125
804,Winne,Jobke,wjobkemb@goodreads.com,Female,101.74.243.43
805,Dacia,Goodluck,dgoodluckmc@google.nl,Female,49.38.4.109
806,Dodi,Crippin,dcrippinmd@slate.com,Female,6.15.195.87
807,Florenza,Baggot,fbaggotme@bandcamp.com,Female,135.156.72.209
808,Tades,Fausch,tfauschmf@w3.org,Male,155.72.68.233
809,Reeva,Paulino,rpaulinomg@cdc.gov,Female,12.1.15.162
810,Margeaux,Fairbrass,mfairbrassmh@pcworld.com,Female,225.131.251.51
811,Chelsea,Conichie,cconichiemi@cmu.edu,Bigender,1.53.236.159
812,Morly,Dobinson,mdobinsonmj@vk.com,Male,249.14.72.249
813,Phillipp,Aldwich,paldwichmk@ucsd.edu,Male,88.224.59.203
814,Elwira,Rendbaek,erendbaekml@nasa.gov,Female,76.253.34.125
815,Cinderella,Fincke,cfinckemm@ifeng.com,Female,108.62.139.64
816,Wilmette,Pooke,wpookemn@yale.edu,Female,14.181.195.175
817,Steward,Nattrass,snattrassmo@va.gov,Male,160.45.138.15
818,Josey,Erickssen,jerickssenmp@icio.us,Female,52.96.6.63
819,Clio,Cracoe,ccracoemq@theglobeandmail.com,Female,1.37.88.145
820,Cristal,Stit,cstitmr@ca.gov,Female,154.90.218.157
821,Mallorie,Cloke,mclokems@naver.com,Female,98.247.20.130
822,Giffer,Ludford,gludfordmt@dion.ne.jp,Male,231.185.148.186
823,Dante,Boldison,dboldisonmu@cocolog-nifty.com,Male,23.35.140.201
824,Fabe,McClune,fmcclunemv@blinklist.com,Male,3.45.243.40
825,Nat,Guinness,nguinnessmw@sciencedirect.com,Male,189.63.210.182
826,Rustie,Mewis,rmewismx@examiner.com,Male,186.97.151.94
827,Jorrie,Le Borgne,jleborgnemy@example.com,Female,215.127.139.88
828,Devland,Weddup,dweddupmz@google.com,Male,63.154.124.157
829,Arden,Nesby,anesbyn0@home.pl,Female,187.230.56.153
830,Kerry,Langran,klangrann1@miitbeian.gov.cn,Male,128.133.200.234
831,Tony,Bims,tbimsn2@meetup.com,Genderqueer,141.249.242.8
832,Leslie,Fendley,lfendleyn3@php.net,Male,171.198.65.115
833,Zonda,Hedde,zhedden4@tiny.cc,Female,48.53.129.158
834,Clement,O'Caherny,cocahernyn5@a8.net,Male,125.121.20.150
835,Luise,Ollington,lollingtonn6@trellian.com,Female,94.130.163.197
836,Abbie,Philbrick,aphilbrickn7@github.io,Female,92.100.104.27
837,Ulick,Lymer,ulymern8@imgur.com,Male,127.1.188.117
838,Poul,Aveline,pavelinen9@squarespace.com,Male,16.225.174.51
839,Selby,Mordan,smordanna@plala.or.jp,Male,242.104.221.120
840,Belia,Cowdray,bcowdraynb@nymag.com,Female,35.243.171.202
841,Letta,Macguire,lmacguirenc@sciencedirect.com,Female,111.197.237.80
842,Dougy,Tacker,dtackernd@gravatar.com,Male,189.214.146.87
843,Mill,Aylott,maylottne@over-blog.com,Bigender,17.193.29.95
844,Chloette,Fley,cfleynf@hubpages.com,Female,112.162.94.196
845,Even,Espinoza,eespinozang@wix.com,Male,40.26.149.14
846,Hamil,Cargenven,hcargenvennh@xinhuanet.com,Male,179.182.34.148
847,Leila,Vlahos,lvlahosni@deviantart.com,Female,132.56.143.45
848,Richmound,O'Sherin,rosherinnj@yolasite.com,Male,208.118.229.245
849,Sauveur,Livesley,slivesleynk@guardian.co.uk,Male,235.123.61.223
850,Reinwald,Jansen,rjansennl@shareasale.com,Male,60.136.40.232
851,Adriano,Aldersey,aalderseynm@mapy.cz,Male,83.138.216.240
852,Cassie,Wilstead,cwilsteadnn@mysql.com,Male,148.44.209.68
853,Ceciley,McGarry,cmcgarryno@nyu.edu,Female,12.104.128.6
854,Corabella,Kerss,ckerssnp@ucla.edu,Female,133.122.49.185
855,Debera,Slipper,dslippernq@si.edu,Female,187.136.38.154
856,Donaugh,Magnar,dmagnarnr@opensource.org,Male,97.189.197.184
857,Jamison,Ashley,jashleyns@flavors.me,Male,234.244.224.8
858,Isahella,Hazlehurst,ihazlehurstnt@alexa.com,Female,4.9.228.29
859,Karlis,Brussell,kbrussellnu@marriott.com,Male,116.237.71.121
860,Tam,Drillingcourt,tdrillingcourtnv@un.org,Polygender,175.155.164.205
861,Annemarie,Awdry,aawdrynw@t.co,Female,183.76.123.24
862,Sammie,Dalman,sdalmannx@trellian.com,Male,136.15.237.2
863,Pail,Chalcraft,pchalcraftny@seattletimes.com,Male,13.177.86.40
864,Daven,Cumberland,dcumberlandnz@acquirethisname.com,Male,68.126.193.193
865,Nat,Biddlecombe,nbiddlecombeo0@comcast.net,Male,210.121.95.204
866,Nikolaus,Resun,nresuno1@hugedomains.com,Male,5.190.42.174
867,Rosetta,Swatheridge,rswatheridgeo2@sina.com.cn,Female,35.73.197.199
868,Thorin,Thornbarrow,tthornbarrowo3@mysql.com,Male,50.39.161.109
869,Anatole,Holtham,aholthamo4@washingtonpost.com,Male,219.9.196.58
870,Enos,Duinkerk,eduinkerko5@apple.com,Male,59.83.104.155
871,Grange,Muston,gmustono6@digg.com,Male,67.89.231.33
872,Darelle,Rillstone,drillstoneo7@dyndns.org,Female,247.64.67.114
873,Valerie,Feaks,vfeakso8@imdb.com,Agender,207.124.219.8
874,Tann,Ralton,traltono9@nydailynews.com,Male,37.153.240.135
875,Jarib,Byforth,jbyforthoa@stumbleupon.com,Male,101.187.109.216
876,Barbara-anne,Andreazzi,bandreazziob@patch.com,Female,19.153.156.1
877,Yasmin,Hickinbottom,yhickinbottomoc@smh.com.au,Polygender,125.190.62.196
878,Gilbertine,Eble,gebleod@reddit.com,Female,81.78.200.145
879,Uri,Tudge,utudgeoe@yahoo.com,Male,169.53.186.217
880,Chickie,Mackness,cmacknessof@time.com,Male,142.203.113.108
881,Palmer,Keirl,pkeirlog@t-online.de,Male,65.46.187.1
882,Jandy,Ebourne,jebourneoh@biglobe.ne.jp,Female,111.89.224.248
883,Grete,Mattisssen,gmattisssenoi@sourceforge.net,Female,149.119.150.189
884,Herculie,Sporner,hsporneroj@networksolutions.com,Male,222.30.69.253
885,Bonnee,Hathwood,bhathwoodok@g.co,Bigender,131.91.136.129
886,Constancy,Fullegar,cfullegarol@census.gov,Female,201.169.127.187
887,Xerxes,Pero,xperoom@intel.com,Polygender,157.176.217.114
888,Gelya,Suermeiers,gsuermeierson@networksolutions.com,Female,29.238.248.219
889,Stavros,Bushnell,sbushnelloo@weather.com,Male,68.250.250.75
890,Lothario,Penberthy,lpenberthyop@yale.edu,Polygender,26.5.128.2
891,Mela,Learoid,mlearoidoq@japanpost.jp,Genderqueer,230.54.38.105
892,Elberta,Curreen,ecurreenor@google.es,Female,155.247.53.167
893,Derek,Dimanche,ddimancheos@usgs.gov,Male,160.133.134.11
894,Babbette,Tillard,btillardot@chicagotribune.com,Female,251.42.23.145
895,Karena,Copas,kcopasou@nasa.gov,Female,86.138.129.132
896,Maryanna,Batchelour,mbatchelourov@mlb.com,Female,88.70.17.35
897,Abdel,Beurich,abeurichow@phoca.cz,Male,137.22.65.194
898,Thatcher,Chippin,tchippinox@barnesandnoble.com,Male,81.195.3.86
899,Constantine,Howler,chowleroy@bigcartel.com,Male,21.239.58.146
900,Doyle,Matteotti,dmatteottioz@epa.gov,Male,185.96.244.167
901,Barth,Asgodby,basgodbyp0@surveymonkey.com,Male,226.130.182.225
902,Von,Donahue,vdonahuep1@opera.com,Male,213.127.206.201
903,Sada,Wasson,swassonp2@instagram.com,Female,186.183.93.202
904,Austin,Halcro,ahalcrop3@instagram.com,Female,73.103.107.232
905,Dorotea,Bissett,dbissettp4@ucoz.com,Non-binary,4.235.46.167
906,Veriee,Dowbiggin,vdowbigginp5@printfriendly.com,Female,150.223.118.104
907,Charlotte,Georgel,cgeorgelp6@upenn.edu,Female,95.187.82.30
908,Teresina,Kliche,tklichep7@wikispaces.com,Female,122.211.201.42
909,Chris,Inchcomb,cinchcombp8@epa.gov,Female,110.227.132.1
910,Sascha,Spragg,sspraggp9@digg.com,Male,107.196.45.140
911,Enrique,Batchelour,ebatchelourpa@hc360.com,Male,188.83.46.119
912,Del,Geroldini,dgeroldinipb@techcrunch.com,Female,125.133.116.202
913,Devonne,Browne,dbrownepc@privacy.gov.au,Female,253.249.242.5
914,Joseph,Brimmicombe,jbrimmicombepd@scientificamerican.com,Male,169.94.74.87
915,Grant,Rippingale,grippingalepe@odnoklassniki.ru,Male,83.181.46.109
916,Josiah,Wickstead,jwicksteadpf@biglobe.ne.jp,Male,234.133.77.34
917,Hadleigh,Pollastro,hpollastropg@craigslist.org,Male,45.35.45.25
918,Livvie,Fright,lfrightph@github.io,Female,250.228.105.143
919,Ailee,Ollin,aollinpi@bbb.org,Agender,82.22.223.59
920,Joyan,Obee,jobeepj@amazon.com,Female,186.28.7.42
921,Rriocard,Mordey,rmordeypk@gizmodo.com,Male,21.71.33.229
922,Siana,Gammidge,sgammidgepl@clickbank.net,Female,29.118.89.105
923,Consuelo,Pagden,cpagdenpm@nationalgeographic.com,Female,43.125.36.178
924,Jocko,Lecount,jlecountpn@columbia.edu,Male,223.181.112.216
925,Yard,Emilien,yemilienpo@1688.com,Male,229.76.222.15
926,Rayner,Antonovic,rantonovicpp@netscape.com,Male,106.50.139.74
927,Winni,Rosetti,wrosettipq@imgur.com,Female,38.56.236.4
928,Tamiko,Bellelli,tbellellipr@noaa.gov,Female,238.89.69.23
929,Kerrill,Belbin,kbelbinps@devhub.com,Female,243.210.147.211
930,Libbie,Ivic,livicpt@goo.gl,Female,0.224.57.180
931,Glyn,Inchboard,ginchboardpu@china.com.cn,Female,211.66.169.32
932,Mable,Weblin,mweblinpv@rediff.com,Female,129.22.71.145
933,Winona,Eubank,weubankpw@earthlink.net,Genderfluid,21.7.225.203
934,Elena,Vernazza,evernazzapx@virginia.edu,Female,250.172.115.101
935,Edin,Dy,edypy@xing.com,Bigender,117.42.94.126
936,Kassia,Werner,kwernerpz@posterous.com,Female,30.217.29.41
937,Kipper,Mereweather,kmereweatherq0@ucoz.com,Polygender,76.144.133.93
938,Gerta,Lowers,glowersq1@google.cn,Female,24.131.201.145
939,Dolf,Mechem,dmechemq2@myspace.com,Male,52.141.121.227
940,Eva,Heaffey,eheaffeyq3@slideshare.net,Genderfluid,224.5.25.78
941,Keefe,Ormes,kormesq4@weebly.com,Male,83.194.128.155
942,Vance,Laight,vlaightq5@nps.gov,Male,222.19.147.99
943,Jaye,Geelan,jgeelanq6@craigslist.org,Male,211.94.41.94
944,Ardisj,Walsh,awalshq7@nps.gov,Female,222.4.61.95
945,Ronica,Sharpe,rsharpeq8@nba.com,Female,22.121.9.128
946,Latia,Brisland,lbrislandq9@cam.ac.uk,Female,246.172.185.99
947,Siouxie,Francais,sfrancaisqa@earthlink.net,Female,183.248.209.149
948,Armstrong,Tuvey,atuveyqb@pbs.org,Non-binary,209.164.40.238
949,Worden,Giblin,wgiblinqc@imageshack.us,Male,165.43.103.8
950,Angelico,Braxton,abraxtonqd@wikia.com,Male,170.175.84.174
951,Claus,Chalke,cchalkeqe@si.edu,Male,149.72.152.110
952,Alec,Vaune,avauneqf@patch.com,Male,118.137.69.50
953,Hesther,Jean,hjeanqg@addtoany.com,Female,155.67.0.238
954,Eugine,Keers,ekeersqh@storify.com,Female,202.217.74.81
955,Marie,Iorizzi,miorizziqi@cpanel.net,Female,249.46.176.224
956,Lothaire,Chatelain,lchatelainqj@addtoany.com,Male,102.13.199.251
957,Drusi,Burree,dburreeqk@qq.com,Female,181.247.227.114
958,Sofie,Ovanesian,sovanesianql@paginegialle.it,Agender,98.151.191.189
959,Kaspar,Poate,kpoateqm@geocities.jp,Male,79.196.124.98
960,Tonya,Ind,tindqn@youtube.com,Agender,135.207.223.8
961,Lesly,Wontner,lwontnerqo@creativecommons.org,Female,174.3.126.185
962,Shamus,Ervin,servinqp@sourceforge.net,Male,102.127.104.54
963,Scarface,McFetrich,smcfetrichqq@nps.gov,Male,81.24.95.205
964,Polly,Neale,pnealeqr@issuu.com,Genderfluid,67.217.242.131
965,Timofei,Diggins,tdigginsqs@patch.com,Male,55.63.23.189
966,Flora,Traise,ftraiseqt@merriam-webster.com,Female,158.218.79.125
967,Haslett,Shoard,hshoardqu@qq.com,Male,70.232.30.99
968,Florencia,Poytress,fpoytressqv@oaic.gov.au,Female,126.140.148.114
969,Brit,Fautly,bfautlyqw@umn.edu,Male,56.85.87.195
970,Willi,Sloegrave,wsloegraveqx@ovh.net,Genderqueer,108.134.130.127
971,Heath,Robet,hrobetqy@businesswire.com,Female,174.137.71.212
972,Dolf,Heinemann,dheinemannqz@cafepress.com,Male,58.125.176.179
973,Lukas,Parsand,lparsandr0@gov.uk,Male,12.204.208.176
974,Jeanne,Pummell,jpummellr1@patch.com,Female,141.213.16.240
975,Aldrich,Bumford,abumfordr2@adobe.com,Male,39.206.59.11
976,Vite,Ramm,vrammr3@indiegogo.com,Male,184.68.161.74
977,Perle,Antonopoulos,pantonopoulosr4@theguardian.com,Female,81.175.42.138
978,Gertrude,Harrismith,gharrismithr5@cbsnews.com,Female,26.219.22.84
979,Brewer,Feeham,bfeehamr6@hibu.com,Male,45.176.214.72
980,Barris,Jiroutka,bjiroutkar7@abc.net.au,Male,123.213.55.151
981,Care,Trighton,ctrightonr8@ning.com,Male,181.159.106.204
982,Conant,Lies,cliesr9@ovh.net,Male,250.3.46.163
983,Steward,Dulany,sdulanyra@answers.com,Male,35.116.155.239
984,Sioux,McVane,smcvanerb@examiner.com,Female,93.230.31.107
985,Tyler,Abate,tabaterc@networkadvertising.org,Male,53.63.68.83
986,Jedediah,Pimer,jpimerrd@forbes.com,Male,45.3.240.187
987,Jesse,Tonner,jtonnerre@nbcnews.com,Female,233.130.203.114
988,Aida,Faragan,afaraganrf@auda.org.au,Female,14.198.203.98
989,Germain,Jeeks,gjeeksrg@artisteer.com,Agender,122.234.32.107
990,Ciro,Buscher,cbuscherrh@ft.com,Male,24.59.193.169
991,Hermine,Womack,hwomackri@hatena.ne.jp,Female,186.227.219.146
992,Teresita,Beardon,tbeardonrj@gov.uk,Agender,251.122.207.50
993,Yale,Oates,yoatesrk@kickstarter.com,Male,136.163.221.24
994,Zed,Goldes,zgoldesrl@geocities.com,Genderfluid,130.115.242.55
995,Constance,Winteringham,cwinteringhamrm@twitter.com,Female,147.201.29.67
996,Melinda,Cridlan,mcridlanrn@google.com,Female,76.59.143.182
997,Joey,Paulmann,jpaulmannro@exblog.jp,Male,60.34.116.3
998,Caroline,Hyndley,chyndleyrp@craigslist.org,Female,191.90.44.85
999,Virginie,Gatherell,vgatherellrq@sakura.ne.jp,Female,142.124.245.69
1000,Jeramey,Yurygyn,jyurygynrr@samsung.com,Male,167.136.41.141
